created_at,text
2025-03-12 11:29:31+00:00,"RT @IIBCE: Felicitaciones a Claudia Etchebehere por la entrevista como cientÃ­fica destacada para la International Water Association, @IWAHQâ€¦"
2025-03-12 11:29:26+00:00,"RT @iAkankshaP: In Piplantri, Rajasthan, every time a girl is born, 111 trees are planted in her honor. 

A beautiful tradition of love andâ€¦"
2025-03-12 11:29:21+00:00,"@ohhanxiety ğŸš€ $SLT is comingâ€”built for real rewards &amp; long-term sustainability! ğŸ¦¥ğŸ”¥

Not just another tokenâ€”$SLT brings passive income, nodes, and a strong ecosystem on Solana. And guess what? The dApp is dropping soon! ğŸ‘€ğŸ’°

Check out what weâ€™re building &amp; let me know your thoughts! ğŸ‘‡
ğŸ”—â€¦ https://t.co/mygixpLz1I"
2025-03-12 11:29:17+00:00,"Yeah, nothing says ""sustainability"" like the world's fastest internal combustion engines screaming at high rpm's.  
Leave the social engineering to the virtue signaling morons and keep providing entertainment. https://t.co/Lys9fDZDJL"
2025-03-12 11:29:15+00:00,"RT @F1: Leaving a positive legacy â¤ï¸

Ahead of the start of the 2025 season, here's a round-up on the progress made towards our sustainabilâ€¦"
2025-03-12 11:29:10+00:00,RT @KSHalilu: Great conversations with Minister Counselor Mr. Wang Yingqi at the Chinese Embassy in Abuja â€” to  strengthen our collaboratioâ€¦
2025-03-12 11:29:10+00:00,"RT @EARNMrewards: HODL! ğŸª™

$EARNM in a nutshell - it's the first universal mobile rewards currency. It converts users' time, data, and atteâ€¦"
2025-03-12 11:28:56+00:00,"5/ ğŸ” Long-term projections of renewable water resources will play a crucial role in ensuring irrigation expansion without harming environmental sustainability. 

#InvestInIrrigation #RevolutionizingIrrigation https://t.co/NhRWuTFeV6"
2025-03-12 11:28:52+00:00,"Corporations chase net zero, while smaller consumers want to support local sustainability. How can tech &amp; business models unlock on-demand, certified green energy for all?

Experts weigh in on the panel, â€œEmpowering Consumers: Innovations to Serve Green Electrons On-Demand"",â€¦ https://t.co/YISoec8KBe https://t.co/tvsAFsjNwv"
2025-03-12 11:28:46+00:00,"RT @F1: Leaving a positive legacy â¤ï¸

Ahead of the start of the 2025 season, here's a round-up on the progress made towards our sustainabilâ€¦"
2025-03-12 11:28:42+00:00,RT @AbbottEnergy: Understanding these myths and facts about sustainable development can promote informed decision-making and actions that câ€¦
2025-03-12 11:28:38+00:00,"RT @ksrct1994: Department of Management Studies, Niche Marketing Club at KSRCT Celebrates World Consumer Rights Day and organizes guest lecâ€¦"
2025-03-12 11:28:37+00:00,RT @AbbottEnergy: The Electric Revolution is Charging Ahead! The road to sustainability is speeding up with the surging adoption of electriâ€¦
2025-03-12 11:28:29+00:00,"@F1 Yeah, nothing says ""sustainability"" like the world's fastest internal combustion engines screaming at high rpm's.  
Leave the social engineering to the virtue signaling morons and keep providing entertainment."
2025-03-12 11:28:25+00:00,RT @KSHalilu: Great conversations with Minister Counselor Mr. Wang Yingqi at the Chinese Embassy in Abuja â€” to  strengthen our collaboratioâ€¦
2025-03-12 11:28:21+00:00,"RT @EARNMrewards: HODL! ğŸª™

$EARNM in a nutshell - it's the first universal mobile rewards currency. It converts users' time, data, and atteâ€¦"
2025-03-12 11:28:18+00:00,Trading momentum for sustainability is key to long-term financial success
2025-03-12 11:28:16+00:00,"""The bridging finance sector is ready for further transformation in 2025, driven by economic trends and market demands, with an introduction to new innovative practices."" https://t.co/WrxZZVJJ0W"
2025-03-12 11:28:08+00:00,"Rising demand for palm oil drives market growth with a 4.2% CAGR by 2032, fueled by food industries and sustainability trends.   https://t.co/1Fs7BSvk81 https://t.co/bowD13Arh9"
2025-03-12 11:28:05+00:00,"RT @Defi_Eagle: ğŸŸ¨ @SavingDAO teams up with @FMCPay to drive sustainability and transparency in Web3.

ğŸŒŒ #FMCPay stands at the forefront ofâ€¦"
2025-03-12 11:28:02+00:00,"Join Mr. Heine Melkevik, CEO of Carbon-Limits Nigeria, at the Nigeria Climate Finance &amp; Investment Summit 2025!

Date: April 29-30, 2025
Time: 9:00 AM
Venue: Oriental Hotel, Lagos
Register: https://t.co/hWU1AQWIIZ

#NCFIS2025 #ClimateFinance #Sustainability https://t.co/rhJfdQtUua"
2025-03-12 11:28:01+00:00,"RT @tyrannideris: Capitalism didnâ€™t failâ€”you did. 

You begged the state to cripple competition, to smother small businesses under the weigâ€¦"
2025-03-12 11:28:00+00:00,"RT @kdsglobe: At KDS, we believe that education is the key to progress, building on our previous streak of engagement, our team recently toâ€¦"
2025-03-12 11:27:53+00:00,"RT @astroscale_HQ: ADRAS-J wins the @MSUAorg Space Sustainability Innovation award!

@astroscale_JP's ADRAS-J defined the on-orbit servicinâ€¦"
2025-03-12 11:27:46+00:00,"Join our webinar with Capt. Varun Rawat, a maritime leader, sustainability advocate, and champion of gender equality.
 
With over three decades of experience from navigating Arctic waters to commanding the worldâ€™s largest Bulk Carrier, he has redefined leadership in the industry.â€¦ https://t.co/lwWev4qbns https://t.co/jog8Ya2qaB"
2025-03-12 11:27:39+00:00,New frontier for financial risk management is being shaped by innovative yield farming strategies that prioritize security and sustainability
2025-03-12 11:27:39+00:00,"@MbalulaFikile ""promotes job creation, economic growth, and sustainability""  - you have been saying this for how long now?"
2025-03-12 11:27:39+00:00,"RT @engKhalid511: Hello from Riyadh, Achieving environmental sustainability is one of the Saudi Vision 2030 reform planâ€™s key goals. To achâ€¦"
2025-03-12 11:27:38+00:00,RT @KSHalilu: Great conversations with Minister Counselor Mr. Wang Yingqi at the Chinese Embassy in Abuja â€” to  strengthen our collaboratioâ€¦
2025-03-12 11:27:33+00:00,"RT @narendramodi: Humbled by the heartfelt gesture of my friend, Prime Minister Dr. Navin Ramgoolam, in taking part in â€˜Ek Ped Maa Ke Naamâ€™â€¦"
2025-03-12 11:27:32+00:00,@onejacksonriley Spot on! Passion and sustainability matter. The right niche keeps you inspired and growing!
2025-03-12 11:27:28+00:00,"@XRPTRENDING $XTR isnâ€™t just about making gainsâ€”itâ€™s about making history on XRPL. ğŸ†
Weâ€™re here to:
âœ… Support new &amp; existing XRPL projects ğŸ¤
âœ… Empower communities through voting &amp; exposure ğŸ—³ï¸
âœ… Reward holders with real revenue in $XRP ğŸ’°
âœ… Ensure long-term sustainability with aâ€¦ https://t.co/fAblqFtMFD https://t.co/tIjWE0ZdLL"
2025-03-12 11:27:06+00:00,"@VenkatSrin38389 @DrhrilotMD @shashiiyengar Low-carb diets can offer short-term benefits like weight loss, improved blood sugar control, and reduced blood pressure, but their long-term sustainability and health implications are more complex. Studies suggest that very low-carb diets may increase the risk of prematureâ€¦ https://t.co/hfpY3bcDjx"
2025-03-12 11:27:02+00:00,"As regulations come into effect this year in the EU, Australia, Singapore, Hong Kong, and California that require mandatory corporate ESG reporting companies will look to technology solutions. https://t.co/XhyqnZTfQR"
2025-03-12 11:26:58+00:00,"@Artemisfornow He is steam rollering regulation, dismissing viable objection and sustainability to meet unrealistic targets."
2025-03-12 11:26:54+00:00,"RT @ourhermitage: They will all switch eventually! Influencer fatigue is already setting in, especially in the cosmetics industry. The shifâ€¦"
2025-03-12 11:26:52+00:00,"Investors are shifting focus to 'Eco-Wealth', a new paradigm prioritizing environmental sustainability alongside financial gains"
2025-03-12 11:26:40+00:00,"ğŸŒ MSA ENVIRONMENTAL WEBINARS â€“ REGISTER NOW! ğŸŒ¿

Join us in May and June for our MSA Environmental Webinars, open to current MSA Environmental Officers and anyone interested in sustainability in motorsport. No prior experience? No problem! These sessions are a great opportunityâ€¦ https://t.co/UavoH0SkBE https://t.co/qAOl1cb0gn"
2025-03-12 11:26:38+00:00,"RT @ajpReact: ğŸš¨ BREAKING: This is the ğ€ğ«ğ¥ğšrming Reality of the Dairy Industry! ğŸ„ğŸ’”

Our investigation into Lowfields Farm, an Arla-contracteâ€¦"
2025-03-12 11:26:30+00:00,RT @MohdShukriYajid: Congrats to @MSUmalaysia for being awarded the Green Energy Stewardship Gold Award for green electricity obtained throâ€¦
2025-03-12 11:26:28+00:00,"RT @Web3_LC: Optimus Z7: The Future of Web3 Transactions

Scalability, speed, and sustainabilityâ€”this project is setting new standards in bâ€¦"
2025-03-12 11:26:23+00:00,"RT @narendramodi: Humbled by the heartfelt gesture of my friend, Prime Minister Dr. Navin Ramgoolam, in taking part in â€˜Ek Ped Maa Ke Naamâ€™â€¦"
2025-03-12 11:26:15+00:00,"Shifting gears from velocity to value, a new breed of entrepreneurs is trading speed for sustainability, building lucrative businesses on a foundation of respo"
2025-03-12 11:26:10+00:00,"RT @ksrct1994: Department of Management Studies, Niche Marketing Club at KSRCT Celebrates World Consumer Rights Day and organizes guest lecâ€¦"
2025-03-12 11:26:10+00:00,"RT @tirta_cipeng: Dari kacamata bisnis:

Membangun stadion itu langkah buat meningkatkan sustainability income di masa yang akan datang

Maâ€¦"
2025-03-12 11:26:06+00:00,"RT @narendramodi: Humbled by the heartfelt gesture of my friend, Prime Minister Dr. Navin Ramgoolam, in taking part in â€˜Ek Ped Maa Ke Naamâ€™â€¦"
2025-03-12 11:26:03+00:00,"RT @Chris_abbey117: We offer a full range of printing services, including business essentials like letterheads and envelopes, school materiâ€¦"
2025-03-12 11:26:00+00:00,"RT @ARBITERxyz: It's time to start rotating some risky play-profits into ARBITER ğŸ‘‡

One single Mint gives you access to passive income geneâ€¦"
2025-03-12 11:26:00+00:00,"TechJourno launched!

TechJourno is my Instagram account, in which I cover global tech, startup and sustainability stories

To follow my Instagram account, click the link

https://t.co/3DcpuaPBuF"
2025-03-12 11:25:56+00:00,RT @CRPaatil: à¤¨à¤ˆ à¤¦à¤¿à¤²à¥à¤²à¥€ à¤®à¥‡à¤‚ à¤†à¤œ Bureau of Water Use Efficiency à¤”à¤° TERI à¤•à¥‡ à¤¸à¤‚à¤¯à¥à¤•à¥à¤¤ à¤¤à¤¤à¥à¤µà¤¾à¤µà¤§à¤¾à¤¨ à¤®à¥‡à¤‚ à¤†à¤¯à¥‹à¤œà¤¿à¤¤ Water Sustainability Conference 2025â€¦
2025-03-12 11:25:50+00:00,"@GainsAssociates @ehsan6sha @functionland With the rise of eco-conscious investors, how does position itself as both a profitable meme project and a meaningful impact investment opportunity? What are the financial incentives for investors, and how do these align with the long-term sustainability goals of the project?"
2025-03-12 11:25:40+00:00,"ğŸŒ ScottishPower Master Scholarship Programme ğŸ“
Apply now for the ScottishPower Master Scholarship
ğŸ’° Full tuition fees  
ğŸ’µ Living allowance  
ğŸŒ Research &amp; travel expenses
ğŸ“… Deadline: April 4, 2025  
ğŸ”— Apply: https://t.co/CSajXCAIiz

#Scholarships #Sustainability #StudyInUK"
2025-03-12 11:25:33+00:00,"Agriculture remains the backbone of Kenyaâ€™s economy, but #climatechange threatens its #sustainability especially in the Lake Region Economic Bloc (LREB). The region has some levels of #vulnerability as articulated under the (FAO's Climate Risk Assessment Framework): https://t.co/uDskFsT9zX"
2025-03-12 11:25:17+00:00,"@F1 Sustainability and social progress, great work! ğŸŒ"
2025-03-12 11:25:12+00:00,"Shifting gears from speed to sustainability, electric car manufacturers are racing towards carbon-neutral production, a move that could revolutionize the auto"
2025-03-12 11:25:12+00:00,"ğŸ“¢ ğŸŒ¿ Expert Trainers Academy! ğŸŒ

Environmental Course Package ğŸŒ±ğŸ“
1. Certified Environmental Protection Officer (CEPO) AISP, USA
2. Level-2 Environmental Sustainability from EOSH UK
3. One-Year Diploma in Environment Safety
4. ISO 14001:2015 Environment Internal Auditor

âœ¨ Sp https://t.co/lqbYyZpdL3"
2025-03-12 11:25:11+00:00,"Fashion is a $2.5 trillion industry, but only 1% of clothing is recycled. Let's change that! #FashionRevolution #Sustainability
https://t.co/6cVvps6qBM"
2025-03-12 11:24:55+00:00,"RT @oneearthart: One Earth CUBE is here! ğŸŒâœ¨
How do you like it? Pretty cool, right? 
A cube that challenges your mind, just like how we chaâ€¦"
2025-03-12 11:24:52+00:00,"Trading on momentum can lead to swift gains but neglects long-term sustainability, a wise investor once said"
2025-03-12 11:24:49+00:00,"RT @SuperPhoenixDAO: Web3 gaming on Solana is inevitable.

Weâ€™re prioritizing the communityâ€™s needs to ensure lasting sustainability. httpsâ€¦"
2025-03-12 11:24:45+00:00,"MA breadth charts through yesterday show continued narrowing, with fewer stocks holding above key moving averages. Weakening participation raises concerns about market sustainability, as gains remain concentrated in a few leaders while broader support erodes. https://t.co/FIe3F2ewDg https://t.co/BxkX85Ac8B"
2025-03-12 11:24:30+00:00,Investors may want to consider the value of a portfolio's 'breakeven' points - where gains are balanced against losses to ensure long-term sustainability
2025-03-12 11:24:22+00:00,"RT @EARNMrewards: HODL! ğŸª™

$EARNM in a nutshell - it's the first universal mobile rewards currency. It converts users' time, data, and atteâ€¦"
2025-03-12 11:24:21+00:00,Why sustainability should be your next business goal #johnmasudparvez #mentor #motivation #businesschange #businesscoach #entrepreneur #ceo #businessimprovement #success #ceojourney https://t.co/HfQPedEV6i
2025-03-12 11:24:11+00:00,"@carnivoremax @Veganella_ What does that say about the sustainability of your fad diet?

I havent eaten meat in nearly 3 years now. Never taken a break from my diet."
2025-03-12 11:24:10+00:00,"Asean Business Advisory Council (Asean-BAC) Malaysia launched Asean DEI Collective. @theedgemalaysia https://t.co/VplqRdsqPa #DiversityEquityInclusion #DEI #Sustainability #AseanBusiness #UNSDGs #WomenEmpowerment
#CorporateGovernance #EmployeeEngagement"
2025-03-12 11:24:03+00:00,"RT @comentandojogo: Why do most DeFi projects fail? Lack of sustainability. $HODL cracked the codeâ€”real rewards, real security, and long-teâ€¦"
2025-03-12 11:23:47+00:00,"@hubdotxyz I trust Web3 founders who have a proven track record of success, prioritize transparency and community input, and have a clear vision for their project's impact and sustainability."
2025-03-12 11:23:38+00:00,"Savvy investors are shifting focus to 'Eco-Currencies' - a new class of assets that aligns financial growth with environmental sustainability, promising a brig"
2025-03-12 11:23:36+00:00,"RT @F1: Leaving a positive legacy â¤ï¸

Ahead of the start of the 2025 season, here's a round-up on the progress made towards our sustainabilâ€¦"
2025-03-12 11:23:34+00:00,"RT @narendramodi: Humbled by the heartfelt gesture of my friend, Prime Minister Dr. Navin Ramgoolam, in taking part in â€˜Ek Ped Maa Ke Naamâ€™â€¦"
2025-03-12 11:23:28+00:00,"â­ï¸New jobs, economic growth, better water quality

ğŸ’§Interesting to see expansion of Saltford Water Recycling Plant, along with Minister for Water &amp; Flooding, Emma Hardy MP &amp; Wessex Water, Environment Agency and YTL Construction.

More â¡ï¸ https://t.co/2Mii75k0sc https://t.co/nhJ7l52p3r"
2025-03-12 11:23:28+00:00,A vision of sustainability turns into reality at Vantara.  https://t.co/rAwu8W4VpX
2025-03-12 11:23:24+00:00,"Leeds is leading the way in green energy!  â˜€ï¸  As a financial analyst here, I'm seeing huge potential for investment in this growing sector. #GreenEnergy #Leeds #Sustainability #RenewableEnergyToken https://t.co/GMt7RXncDZ"
2025-03-12 11:23:22+00:00,"""Big news in the world of sustainability! ğŸŒ Tata Motors has just launched India's FIRST EVER hydrogen-powered heavy-duty truck! ğŸš› This game-changing vehicle is part of India's mission to achieve net-zero emissions by 2070. ğŸŒŸ

 #TataMotors #HydrogenPower #Sustainability https://t.co/hSUuID3xUa"
2025-03-12 11:23:09+00:00,"Family offices ensure wealth sustainability across generations through effective planning and integrated management. 

ğŸ”¹ Register now: https://t.co/m0PzHXhUds

#Sustainability #Succession #Legacy #FamilyBusiness #Governance #Development #Planning https://t.co/NgcdK2WffV"
2025-03-12 11:23:08+00:00,Investors may want to consider the value of a portfolio's 'breakeven' points - where gains are balanced against losses to ensure long-term sustainability
2025-03-12 11:23:03+00:00,"Discover how digital transformation is revolutionizing the maritime industry. Learn about the latest technologies enhancing efficiency and sustainability in boat rental management.

Read the full blog here: https://t.co/0F0nWgGrLU https://t.co/Sp1nsgfiTa"
2025-03-12 11:23:03+00:00,"RT @narendramodi: Humbled by the heartfelt gesture of my friend, Prime Minister Dr. Navin Ramgoolam, in taking part in â€˜Ek Ped Maa Ke Naamâ€™â€¦"
2025-03-12 11:22:56+00:00,"Bhupinder Bhalla, IAS (Retd.), Ex-Secretary, Ministry of New and Renewable Energy (MNRE), shared:

â€œIndia's use for energy has doubled in the last twenty years, and it is likely to grow by another 25% by 2030."" 

#EletsEnergy2025 #GreenHydrogen #CleanEnergy #Sustainability https://t.co/wftbNota9C"
2025-03-12 11:22:54+00:00,"RT @narendramodi: Humbled by the heartfelt gesture of my friend, Prime Minister Dr. Navin Ramgoolam, in taking part in â€˜Ek Ped Maa Ke Naamâ€™â€¦"
2025-03-12 11:22:49+00:00,"RT @LetsGoLucid2022: $LCID From AI to autonomy, sustainability to futuristic tech, these are the 10 most technologically advanced vehiclesâ€¦"
2025-03-12 11:22:49+00:00,"RT @SaudiDRPY: We are enhancing water resources with renewable #energy in #Yemen and working hard to ensure water security, sustainability,â€¦"
2025-03-12 11:22:46+00:00,"RT @Sajjad1331: No more pump &amp; dump.
 No more empty hype. 
Just real innovation, long-term sustainability, and a growing ecosystem! ğŸ¦ğŸ”¥ 
#FEâ€¦"
2025-03-12 11:22:28+00:00,"RT @DC6WSS9KCUhzkoW: @TKralow @rovercrc What if every project focused on sustainability instead of hype? $HODL has, since 2021. @BNBChain,â€¦"
2025-03-12 11:22:23+00:00,"RT @IIBCE: Felicitaciones a Claudia Etchebehere por la entrevista como cientÃ­fica destacada para la International Water Association, @IWAHQâ€¦"
2025-03-12 11:22:15+00:00,"âœ…AI-Driven Reliability â€“ Acoustic AI detects anomalies in real time, preventing failures &amp; ensuring zero downtime.
âœ…IoT &amp; Digital Twins â€“ Transforming sound into insights for smarter machine monitoring.
âœ…Sustainability &amp; Efficiency â€“ Predictive maintenance cuts energy waste."
2025-03-12 11:22:13+00:00,"RT @tyrannideris: Capitalism didnâ€™t failâ€”you did. 

You begged the state to cripple competition, to smother small businesses under the weigâ€¦"
2025-03-12 11:22:13+00:00,"Evolution allows for integration, wisdom, and sustainability, while revolution often burns everything down without a clear plan for what comes next. https://t.co/LVfswGelEZ https://t.co/lFySoZLfPz"
2025-03-12 11:22:13+00:00,"RT @tyrannideris: Capitalism didnâ€™t failâ€”you did. 

You begged the state to cripple competition, to smother small businesses under the weigâ€¦"
2025-03-12 11:22:06+00:00,"RT @bitcoinlithium: ğŸŒğŸš€ A New Era of Green Crypto Begins! ğŸ”‹ğŸ’

Bitcoin Lithium ($BTCL) is leading the way in clean energy investments, lithiuâ€¦"
2025-03-12 11:22:03+00:00,@memeslabxyz Leading the charge toward sustainability
2025-03-12 11:22:02+00:00,"RT @ajpReact: ğŸš¨ BREAKING: This is the ğ€ğ«ğ¥ğšrming Reality of the Dairy Industry! ğŸ„ğŸ’”

Our investigation into Lowfields Farm, an Arla-contracteâ€¦"
2025-03-12 11:21:57+00:00,"This new membership category is intended for textile collectors, sorters, graders, mechanical recyclers, upcyclers, and recycling innovators.

#Sustainability #Apparel #Clothing #Textiles #Fashion

https://t.co/J4MXhjBzt4"
2025-03-12 11:21:53+00:00,"RT @MikeHudema: This school in Denmark is covered in #solar panels. It's the longest solar panel facade in the world. 

RT if you think allâ€¦"
2025-03-12 11:21:46+00:00,"RT @ellatjonas: Best article Iâ€™ve read in a while @0xkyle__ 

â†’ Crypto needs a culture shiftâ€”long-term thinking, financial sustainability,â€¦"
2025-03-12 11:21:39+00:00,RT @PorscheNewsroom: CEO Dr. Oliver Blume: â€œWe have renewed five out of six model lines and extensively refreshed our product portfolio. Thâ€¦
2025-03-12 11:21:39+00:00,"â™»ï¸ Maximize Value, Security &amp; Sustainability! ğŸ”

Is your IT asset recovery strategy secure &amp; efficient? Recover, repurpose &amp; recycle IT assets the right way!

ğŸ”— Read more: https://t.co/DPLT9eBwom

#ITAssetRecovery #ITAssetManagement #DataSecurity #ECSEnvironment #EWaste https://t.co/sszr7SamOp"
2025-03-12 11:21:37+00:00,"@100xAltcoinGems Definitely PBX, where finance meets sustainability. 
Earn while predicting air quality, trade smarter and babe part of a movement thatâ€™s making a real impact. Clean air, Clean profit @PBXearth"
2025-03-12 11:21:17+00:00,"@CryptoCove7 Impressive milestone for $EUL hitting $650M TVL. However, it's crucial to note that Total Value Locked is not always indicative of protocol health or sustainability."
